stationid,lat,lon,duration,gradient
72,40.76727216,-73.99392888,17058703,97027.97754
79,40.71911552,-74.00666661,8721961,62978.73222
82,40.71117416,-74.00016545,6808909,23706.99516
83,40.68382604,-73.97632328,17348578,30608.93818
116,40.74177603,-74.00149746,12726742,90845.87259
119,40.69608941,-73.97803415,2599092,4064.30736
120,40.68676793,-73.95928168,3314874,13838.73577
127,40.73172428,-74.00674436,20667388,276550.5591
128,40.72710258,-74.00297088,22034047,303643.6017
143,40.69239502,-73.99337909,6971147,53972.29896
144,40.69839895,-73.98068914,6412858,15481.95246
146,40.71625008,-74.0091059,8685357,143838.4055
150,40.7208736,-73.98085795,8265835,48537.62562
151,40.72210379,-73.99724901,31177967,176325.3597
152,40.71473993,-74.00910627,9454856,134164.76
153,40.75206231,-73.9816324,10683139,76918.64968
157,40.69089272,-73.99612349,6213872,29745.76672
161,40.72917025,-73.99810231,18650244,117400.1785
164,40.75323098,-73.97032517,10251921,66013.48103
167,40.7489006,-73.97604882,14440924,95708.55735
168,40.73971301,-73.99456405,22337537,171679.9168
173,40.76068327,-73.98452729,18780704,235669.7273
174,40.7381765,-73.97738662,10014194,80958.855
195,40.70905623,-74.01043382,18026565,86908.06756
212,40.74334935,-74.00681753,16975853,130549.8644
216,40.70037867,-73.99548059,5204171,11471.40437
217,40.70277159,-73.99383605,29642255,65142.57785
223,40.73781509,-73.99994661,10020442,145292.9412
224,40.71146364,-74.00552427,1739777,9414.912965
228,40.7546011,-73.97187886,8969412,58103.47509
229,40.72743423,-73.99379025,20421675,308314.6025
232,40.69597683,-73.99014892,8057625,47298.09
236,40.7284186,-73.98713956,17251171,123495.0507
237,40.73047309,-73.98672378,16498530,127543.4059
238,40.7361967,-74.00859207,12588110,152115.6703
239,40.69196566,-73.9813018,6651499,35047.22632
241,40.68981035,-73.97493121,5753062,20746.43205
242,40.697787,-73.973736,4778666,32188.57656
243,40.688226,-73.979382,3869972,23023.2584
244,40.69196035,-73.96536851,4895110,19840.75656
245,40.69327018,-73.97703874,10099345,9875.961454
247,40.73535398,-74.00483091,9665797,69642.90061
248,40.72185379,-74.00771779,3764688,50561.33467
249,40.71870987,-74.0090009,7532752,103041.6919
251,40.72317958,-73.99480012,18577927,271644.3969
252,40.73226398,-73.99852205,11261430,161178.5306
253,40.73543934,-73.99453948,11191164,64106.53546
254,40.73532427,-73.99800419,7455472,58507.40757
257,40.71939226,-74.00247214,13229579,86486.44339
258,40.68940747,-73.96885458,5295250,27076.52624
259,40.70122128,-74.01234218,19758400,86062.6716
260,40.70365182,-74.01167797,6988486,32983.8806
261,40.69474881,-73.98362464,6514804,38230.97983
262,40.6917823,-73.9737299,3343890,16222.97979
264,40.70706456,-74.00731853,9716116,46344.81465
265,40.72229346,-73.99147535,17996150,97557.09223
266,40.72368361,-73.97574813,8519820,27810.60683
267,40.75097711,-73.98765428,16288201,84572.02338
268,40.71910537,-73.99973337,14087290,83497.71536
270,40.69308257,-73.97178913,2641429,16187.59955
274,40.68691865,-73.976682,8698870,30088.7213
275,40.68650065,-73.96563307,2874154,17357.7246
276,40.71748752,-74.0104554,8646704,57814.87206
278,40.69766564,-73.98476437,5029880,21986.16981
279,40.707873,-74.00167,24358845,88848.81069
280,40.73331967,-73.99510132,10209863,137872.0922
281,40.7643971,-73.97371465,68672558,178303.5661
282,40.70764494,-73.96841526,8430288,32154.95158
284,40.73901691,-74.00263761,22313445,328294.5337
285,40.73454567,-73.99074142,25286702,375142.1934
289,40.6845683,-73.95881081,2729903,10584.20984
291,40.713126,-73.984844,5992603,30426.21091
293,40.73020661,-73.99102628,25330064,182602.7229
295,40.71406667,-73.99293911,8941693,50034.67955
296,40.71413089,-73.9970468,10211477,178294.046
297,40.734232,-73.986923,15109446,131236.6866
301,40.72217444,-73.98368779,13910302,89602.80807
302,40.72082834,-73.97793172,7011293,35766.09848
303,40.72362738,-73.99949601,13010031,82288.54628
304,40.70463334,-74.01361706,25727228,101881.5706
305,40.76095756,-73.96724467,13963204,175507.3891
306,40.70823502,-74.00530063,10552196,61652.66816
307,40.71427487,-73.98990025,13082288,67929.1638
308,40.71307916,-73.99851193,7418499,44372.77367
309,40.7149787,-74.013012,16251384,193261.3134
310,40.68926942,-73.98912867,5668164,31857.41634
311,40.7172274,-73.98802084,8866016,49007.4963
312,40.722055,-73.989111,18282375,107910.0999
313,40.69610226,-73.96751037,4844790,29345.74655
314,40.69383,-73.990539,7822776,36656.06085
315,40.70355377,-74.00670227,23376046,273998.1305
316,40.70955958,-74.00653609,5746343,98464.29181
317,40.72453734,-73.98185424,11269316,82772.4719
319,40.711066,-74.009447,16035753,197004.9996
320,40.717571,-74.005549,9752519,63222.52424
321,40.69991755,-73.98971773,10869352,43347.16129
322,40.696192,-73.991218,8975213,36496.56314
323,40.69236178,-73.98631746,19665639,44110.94333
324,40.689888,-73.981013,7633119,23200.90069
325,40.73624527,-73.98473765,12106739,79685.23359
326,40.72953837,-73.98426726,12536882,93019.59812
327,40.7153379,-74.01658354,30280758,366284.1562
328,40.72405549,-74.00965965,14715907,173809.2476
330,40.71450451,-74.00562789,9751465,51387.98577
331,40.71173107,-73.99193043,6017009,34655.16144
332,40.71219906,-73.97948148,10062377,109148.7091
334,40.74238787,-73.99726235,14999149,112430.9115
335,40.72903917,-73.99404649,11999360,154648.2418
336,40.73047747,-73.99906065,19203820,212345.9924
337,40.7037992,-74.00838676,9274791,36850.57908
339,40.72580614,-73.97422494,5289253,23187.78168
340,40.71269042,-73.98776323,5506742,92226.6088
341,40.71782143,-73.97628939,5878854,24232.67294
342,40.71739973,-73.98016555,6518985,31852.79872
343,40.69794,-73.96986848,7574769,27007.10629
344,40.6851443,-73.95380904,9386157,12296.88161
345,40.73649403,-73.99704374,13750730,113315.458
346,40.73652889,-74.00618026,11977577,97774.2766
347,40.728846,-74.008591,20449134,266491.8279
348,40.72490985,-74.00154702,13717113,74633.20418
349,40.71850211,-73.98329859,7480573,38446.69965
350,40.71559509,-73.9870295,11363022,56987.17533
351,40.70530954,-74.00612572,13138160,53414.67193
353,40.68539567,-73.97431458,5515343,20826.56206
354,40.69363137,-73.96223558,4373016,14565.11763
355,40.71602118,-73.99974372,13095868,84805.02169
356,40.71622644,-73.98261206,8324872,83621.1112
357,40.73261787,-73.99158043,7589983,62623.15553
358,40.73291553,-74.00711384,27035164,209020.5135
359,40.75510267,-73.97498696,27991519,229699.2036
360,40.70717936,-74.00887308,9052167,44366.32772
361,40.71605866,-73.99190759,15159935,88253.51902
362,40.75172632,-73.98753523,9783466,44598.94204
363,40.70834698,-74.01713445,18655663,254646.2262
364,40.68900443,-73.96023854,4062492,22511.7401
365,40.68223166,-73.9614583,4619388,102708.3467
366,40.693261,-73.968896,14001401,32584.92151
368,40.73038599,-74.00214988,27269227,211444.8157
369,40.73224119,-74.00026394,9168063,76259.29529
372,40.69454609,-73.95801365,3085234,7322.273353
373,40.69331716,-73.95381995,1838580,7159.90991
376,40.70862144,-74.00722156,10240707,54898.7738
377,40.72243797,-74.00566443,16815669,76196.65369
379,40.749156,-73.9916,21410787,156594.1415
380,40.73401143,-74.00293877,20715010,131280.2121
382,40.73492695,-73.99200509,20656473,183957.1551
383,40.735238,-74.000271,14667275,215470.0866
384,40.683048,-73.964915,12973990,35220.44708
385,40.75797322,-73.96603308,11129839,82958.86152
386,40.71494807,-74.00234482,13560768,56962.81037
387,40.71273266,-74.0046073,44615997,463640.1933
388,40.74971775,-74.00295035,12409184,174644.3115
389,40.71044554,-73.96525063,9212316,32418.53667
390,40.69221589,-73.9842844,6255641,31455.74742
391,40.69760127,-73.99344559,8249606,38604.92622
392,40.695065,-73.987167,12505234,48446.96339
393,40.72299208,-73.97995466,5831368,42797.63257
394,40.72521311,-73.97768752,11612615,65394.30063
395,40.68807003,-73.98410637,4819295,113440.0594
396,40.68034242,-73.95576894,10750800,125187.2482
397,40.68415748,-73.96922273,4425689,63926.52714
398,40.69165183,-73.9999786,12007760,42570.57277
399,40.68851534,-73.9647628,4360400,18588.17055
400,40.71926081,-73.98178024,4052641,18580.10374
401,40.72019576,-73.98997825,17913220,101698.4866
402,40.7403432,-73.98955109,31080984,297932.3896
403,40.72502876,-73.99069656,11128198,80129.79359
405,40.739323,-74.008119,27496615,290919.0445
406,40.69512845,-73.99595065,7223426,31915.41496
407,40.700469,-73.991454,4707612,17575.44774
408,40.71076228,-73.99400398,6664249,29692.62353
409,40.6906495,-73.95643107,6541504,11616.26332
410,40.72066442,-73.98517977,16863730,241947.7991
411,40.72228087,-73.97668709,6777731,91733.85928
412,40.7158155,-73.99422366,16918133,81332.3236
414,40.70281858,-73.98765762,8696660,29591.45351
415,40.7047177,-74.00926027,11871919,49477.52705
416,40.68753406,-73.97265183,4535254,28157.39714
417,40.71291224,-74.01020234,18478603,98285.05394
418,40.70224,-73.982578,5267885,24462.10045
419,40.69580705,-73.97355569,2543593,64153.92042
420,40.68764484,-73.96968902,3635763,41338.3827
421,40.69573398,-73.97129668,2351156,42173.539
422,40.770513,-73.988038,11005269,121828.223
423,40.76584941,-73.98690506,9437212,116833.1143
426,40.71754834,-74.01322069,58033347,484598.2023
427,40.701907,-74.013942,16160807,162677.6363
428,40.72467721,-73.98783413,14304389,218406.3834
430,40.7014851,-73.98656928,12856316,248943.8588
432,40.72621788,-73.98379855,19762731,219014.5568
433,40.72955361,-73.98057249,18717652,245234.7162
434,40.74317449,-74.00366443,14717728,197584.1642
435,40.74173969,-73.99415556,29590346,446743.6827
436,40.68216564,-73.95399026,10610835,9147.217117
437,40.68098339,-73.95004798,19438061,13690.3734
438,40.72779126,-73.98564945,13886805,97269.71802
439,40.7262807,-73.98978041,13994236,96703.20886
440,40.75255434,-73.97282625,9774753,57542.01222
441,40.756014,-73.967416,10916945,74394.35986
442,40.746647,-73.993915,18249167,267082.5971
443,40.70853074,-73.96408963,8599801,7850.013855
444,40.7423543,-73.98915076,26995174,250279.5163
445,40.72740794,-73.98142006,18457397,115140.5571
446,40.74487634,-73.99529885,17378668,256792.356
447,40.76370739,-73.9851615,18862728,86568.39172
448,40.75660359,-73.9979009,15026664,103540.5804
449,40.76461837,-73.98789473,8779473,60070.13259
450,40.76227205,-73.98788205,24884746,115291.1661
453,40.74475148,-73.99915362,15171376,121754.2197
454,40.75455731,-73.96592976,7779518,44317.60229
455,40.75001986,-73.96905301,9444263,52180.24347
456,40.7597108,-73.97402311,11091923,62095.94059
457,40.76695317,-73.98169333,27370636,159153.6664
458,40.751396,-74.005226,21975742,144548.9634
459,40.746745,-74.007756,36605869,243446.4005
460,40.71285887,-73.96590294,14982437,48993.11788
461,40.73587678,-73.98205027,18480279,116328.1459
462,40.74691959,-74.00451887,22823784,153799.8135
465,40.75513557,-73.98658032,21184307,139509.0822
466,40.74395411,-73.99144871,14760555,112432.778
467,40.68312489,-73.97895137,6602534,30520.15515
468,40.7652654,-73.98192338,16090439,106205.3062
469,40.76344058,-73.98268129,11634310,68935.7169
470,40.74345335,-74.00004031,11125826,100404.3295
471,40.71286844,-73.95698119,9615315,24859.34342
472,40.7457121,-73.98194829,14771839,217459.8905
473,40.72110063,-73.9919254,11439944,63281.40688
474,40.7451677,-73.98683077,13565753,203644.468
476,40.74394314,-73.97966069,13071734,98429.78448
477,40.75640548,-73.9900262,28727624,161810.9296
478,40.76030096,-73.99884222,17470212,108313.8797
479,40.76019252,-73.9912551,21797748,226064.0452
480,40.76669671,-73.99061728,13011498,66915.00387
481,40.71260486,-73.96264403,11739827,27374.70606
482,40.73935542,-73.99931783,14188613,118545.0242
483,40.73223272,-73.98889957,15112079,125712.9663
484,40.75500254,-73.98014437,13305792,179501.2824
485,40.75038009,-73.98338988,11641828,80244.84476
486,40.7462009,-73.98855723,16625642,234382.3382
487,40.73314259,-73.97573881,15092663,87314.41667
488,40.75645824,-73.99372222,1851964,12170.08215
490,40.751551,-73.993934,30401308,316645.5767
491,40.74096374,-73.98602213,18500541,239570.3519
492,40.75019995,-73.99093085,20821504,135796.4175
494,40.74734825,-73.99723551,16079438,127277.3943
495,40.76269882,-73.99301222,13823137,85907.75485
496,40.73726186,-73.99238967,16201731,130776.5833
497,40.73704984,-73.99009296,39051063,254969.6238
498,40.74854862,-73.98808416,15978687,107324.7334
499,40.76915505,-73.98191841,31618625,182138.9838
500,40.76228826,-73.98336183,11051345,72360.17186
501,40.744219,-73.97121214,21548196,86294.96698
502,40.714215,-73.981346,11664751,54974.27456
503,40.73827428,-73.98751968,14459483,233654.6561
504,40.73221853,-73.98165557,19404256,307742.0282
505,40.74901271,-73.98848395,22325282,155700.7495
507,40.73912601,-73.97973776,16200298,223122.0906
508,40.76341379,-73.99667444,17367001,195229.5048
509,40.7454973,-74.00197139,17496993,153050.6049
511,40.72938685,-73.97772429,3818801,32026.90073
513,40.768254,-73.988639,13575493,127349.0427
514,40.76087502,-74.00277668,57155598,504300.7143
515,40.76009437,-73.99461843,13142880,86236.39067
516,40.75206862,-73.96784384,5935160,37692.24498
517,40.751581,-73.97791,15522504,93028.20046
518,40.74780373,-73.9734419,19615123,273264.4093
519,40.751873,-73.977706,50203347,321196.7368
520,40.75992262,-73.97648516,13715402,69503.83914
522,40.75714758,-73.97207836,9257369,54441.31877
523,40.75466591,-73.99138152,29094736,322027.7839
524,40.75527307,-73.98316936,14963404,90679.4207
525,40.75594159,-74.0021163,17665032,94399.75936
526,40.74765947,-73.98490707,14823067,97924.45685
527,40.744023,-73.976056,17886211,216663.3039
528,40.74290902,-73.97706058,11603902,168393.1031
529,40.7575699,-73.99098507,17785572,215414.5945
530,40.771522,-73.990541,22521050,119416.673
531,40.71893904,-73.99266288,15917654,259398.5851
532,40.710451,-73.960876,23591959,62617.28791
534,40.70255065,-74.0127234,14602172,43030.58771
536,40.74144387,-73.97536082,12923219,175439.8582
537,40.74025878,-73.98409214,16930843,227213.8124
539,40.71534825,-73.96024116,15972070,372003.2011
540,40.74311555,-73.98215353,13226429,198705.5206
545,40.736502,-73.97809472,16281605,208775.9505
546,40.74444921,-73.98303529,12782186,191800.4422
3002,40.711512,-74.015756,38889871,217652.6858
3016,40.72036775,-73.96165073,19611981,46648.97714
3040,40.66979964,-73.99497986,5095,0
3041,40.67890679,-73.94142771,26788881,8514.572558
3042,40.6794268,-73.9298911,54720387,8066.035811
3043,40.6814598,-73.934903,10190922,5908.797267
3044,40.6800105,-73.938475,23429478,4072.630682
3046,40.682601,-73.938037,16596509,6924.989812
3047,40.6823687,-73.944118,24546335,7803.254758
3048,40.68402,-73.94977,9774152,7683.529805
3049,40.68488,-73.96304,2858441,13477.46288
3050,40.6851532,-73.94111,11482247,4608.537202
3052,40.686312,-73.935775,28179262,7198.641239
3053,40.6900815,-73.947915,5394473,4169.236207
3054,40.6894932,-73.942061,10621736,7808.072068
3055,40.6883337,-73.950916,2803894,8180.870931
3056,40.69072549,-73.95133465,5277770,55518.79332
3057,40.69128258,-73.9452416,7333053,15696.53479
3058,40.69237074,-73.93705428,28142718,7492.437192
3059,40.6933982,-73.939877,13731990,5107.81291
3060,40.69425403,-73.94626915,5562495,6016.855442
3061,40.69622937,-73.94371094,9388759,3140.098925
3062,40.69539817,-73.94954908,11729186,5298.528721
3063,40.69527008,-73.95238108,2577219,4483.738321
3064,40.69681963,-73.93756926,19064578,15298.19908
3065,40.70029511,-73.95032283,9608010,4200.866295
3066,40.69957608,-73.94708417,3405003,4325.991459
3067,40.7016657,-73.9437303,26929576,10577.45638
3068,40.7031724,-73.940636,55345512,10313.2708
3069,40.70411791,-73.94818595,5306388,4816.609262
3070,40.70510918,-73.94407279,3274443,8627.761372
3071,40.70538077,-73.94976519,3956428,9317.815173
3072,40.70583339,-73.94644578,7750111,44527.55105
3073,40.70691254,-73.95441667,2709437,9518.31167
3074,40.70767788,-73.94016171,16076446,13909.42407
3075,40.70708701,-73.95796783,3201585,3558.583618
3076,40.70870368,-73.9448625,8038708,14683.06825
3077,40.70877084,-73.95095259,11248848,28923.4408
3078,40.70924826,-73.96063149,7433671,20404.04489
3080,40.70934,-73.95608,14268153,24116.07094
3081,40.711863,-73.944024,3379099,16782.86939
3082,40.71167351,-73.95141312,7319885,28677.30104
3083,40.71247661,-73.94100005,5859637,18111.65709
3085,40.71469,-73.95739,5211250,0
3086,40.715143,-73.944507,6417356,21060.28307
3087,40.71413311,-73.95234386,10484775,25319.20322
3088,40.7160751,-73.952029,2409116,7959.570367
3090,40.71774592,-73.95600096,7213550,19491.8057
3091,40.71764,-73.94882,2059561,10160.7045
3092,40.7190095,-73.95852515,7757548,25678.70255
3093,40.71745169,-73.95850939,13864739,62001.1926
3094,40.7169811,-73.94485918,2990629,9785.101837
3095,40.71929301,-73.94500379,1583074,5771.828694
3096,40.71924,-73.95242,6447461,27340.9412
3100,40.72481256,-73.94752622,3765923,13771.72611
3101,40.72079821,-73.95484712,6345480,20015.46025
3102,40.72179134,-73.9504154,4534657,11401.47085
3103,40.72153267,-73.95782357,8892741,14420.88908
3105,40.724055,-73.955736,4891167,9594.148401
3106,40.72325,-73.94308,3903333,8253.919584
3107,40.72311651,-73.95212324,9589184,26786.16485
3108,40.72557,-73.94434,5309520,11037.7799
3109,40.72606,-73.95621,4470555,13043.51158
3110,40.72708584,-73.95299117,5071013,16769.61304
3111,40.7258483,-73.95064893,963580,3071.536097
3112,40.72906,-73.95779,10573021,35631.70706
3113,40.73026,-73.95394,6906229,17515.39581
3115,40.73232194,-73.9550858,5538605,13684.18365
3116,40.73266,-73.95826,5086379,16626.08811
3117,40.73564,-73.95866,3843466,10507.29575
3118,40.73555,-73.95284,4672763,12332.05135
3119,40.74232744,-73.95411749,8560953,16919.86953
3120,40.74161,-73.96044,3480522,6201.460848
3121,40.74524768,-73.94733276,3068705,10802.23867
3122,40.74436329,-73.95587325,3276067,9839.08223
3123,40.74469738,-73.93540375,1697130,3752.103118
3124,40.74731,-73.95451,5029483,15760.44423
3125,40.74708586,-73.94977234,4359947,11452.25177
3126,40.74718234,-73.9432635,5303768,16716.22257
3127,40.74966,-73.9521,1596601,5705.29015
3128,40.75052534,-73.94594845,1468281,26428.81544
3129,40.75110165,-73.94073717,12946559,192774.0494
3130,40.75325964,-73.94335788,2440527,8664.024181
3131,40.7671284,-73.96224618,3874035,30425.03585
3132,40.76350532,-73.97109243,9854346,100474.201
3134,40.76312584,-73.96526895,7158427,95145.89757
3135,40.77112927,-73.95772297,5039028,37311.65488
3136,40.766368,-73.971518,14044727,89617.16821
3137,40.77282817,-73.96685276,28923014,182765.5248
3139,40.77118288,-73.96409422,11145248,69181.85488
3140,40.77140426,-73.9535166,13283124,94732.80202
3141,40.76500525,-73.95818491,18069760,222780.9067
3142,40.7612274,-73.96094022,14232234,173685.9657
3143,40.77632142,-73.96427393,19217994,99572.56756
3144,40.77677702,-73.9590097,2471499,17019.13876
3145,40.77862688,-73.95772073,7329955,58143.69447
3146,40.77573034,-73.9567526,6015852,68632.35771
3147,40.77801203,-73.95407149,10786513,91286.03932
3148,40.77565541,-73.95068615,3898446,57237.96225
3150,40.77536905,-73.94803392,5346438,67954.04676
3151,40.7728384,-73.94989233,6014979,76528.06406
3152,40.76873687,-73.96119945,3792080,25987.6496
3155,40.76440023,-73.96648977,5541932,49421.31546
3156,40.76663814,-73.95348296,9300507,91883.89552
3157,40.77518615,-73.94446054,3485521,33819.95744
3158,40.77163851,-73.98261428,15445909,131600.5982
3159,40.77492513,-73.98266566,13642286,85604.40007
3160,40.77896784,-73.97374737,19630236,82915.47876
3161,40.78018397,-73.97728533,9505028,54796.40246
3162,40.78339981,-73.98093133,7721994,84990.07207
3163,40.7734066,-73.97782542,24691436,145015.6309
3164,40.7770575,-73.97898475,19675318,134393.2939
3165,40.77579377,-73.97620574,28734934,168676.152
3166,40.78057799,-73.98562431,17120948,87248.19534
3167,40.77966809,-73.98093045,16329179,172672.3404
3168,40.78472675,-73.96961715,21253078,97750.48387
3169,40.78720869,-73.98128127,10758788,54922.70091
3170,40.78499979,-73.97283406,6849242,51169.48152
3171,40.78524672,-73.97667321,10442659,78420.03072
3172,40.7785669,-73.97754961,5641094,42301.55031
3173,40.77750703,-73.98888588,15379425,170587.6098
3175,40.77748046,-73.98288594,14830660,68237.62294
3176,40.77452835,-73.98753759,8050651,56093.42443
3177,40.7867947,-73.977112,11781621,50499.40747
3178,40.78414472,-73.98362492,10437678,104309.8018
3179,40.698617,-73.941342,12159750,3556.417385
3180,40.69878,-73.99712,17239034,20819.30836
3182,40.686931,-74.016966,14103525,102639.5554
3183,40.7162469,-74.0334588,0,105113.6959
3184,40.7141454,-74.0335519,0,39953.85503
3185,40.7177325,-74.043845,0,38478.43675
3186,40.71958612,-74.04311746,0,105259.4508
3187,40.7211236,-74.03805095,0,58180.5116
3188,40.7101087,-74.0858489,0,102.8107784
3192,40.7112423,-74.0557013,0,48495.40026
3193,40.7246051,-74.07840595,0,2279.875703
3194,40.72533993,-74.06762213,0,7442.964152
3197,40.71925171,-74.03423399,0,3087.3552
3199,40.7287448,-74.0321082,0,47980.42601
3201,40.737711,-74.066921,0,1084.49498
3202,40.7272235,-74.0337589,0,57012.48203
3203,40.72759597,-74.04424731,0,100058.1116
3205,40.71653978,-74.04963791,0,34609.71037
3211,40.72152515,-74.04630454,0,37216.56517
3213,40.71848892,-74.04772663,0,48401.42952
3214,40.7127742,-74.0364857,0,40582.23386
3221,40.743,-73.93561,2168826,5610.628572
3223,40.75899656,-73.96865398,12674221,65888.18807
3224,40.73997354,-74.00513873,22793788,267108.6781
3226,40.78275,-73.97137,10316912,84375.74023
3231,40.7678008,-73.96592081,4595664,26855.47527
3232,40.68962189,-73.98304269,9234294,25784.30081
3233,40.75724568,-73.97805914,13607846,93759.30098
3235,40.75216528,-73.97992194,8809416,69976.23056
3236,40.75898481,-73.99379969,14353336,69222.74309
3238,40.7739139,-73.95439535,6791739,46446.99181
3240,40.75903008,-73.9938587,0,0
3241,40.686203,-73.944694,6165438,7031.051191
3242,40.69102926,-73.99183363,9378403,35523.41262
3243,40.75892386,-73.96226227,7999947,48695.50799
3244,40.73143724,-73.99490342,14753589,159494.5162
3245,40.71644423,-73.98233056,267796,542.7354262
3247,0,0,0,0
3249,40.68035608,-73.9476791,12515062,9640.135122
3250,40.71690978,-73.98383796,10035,83.16243823
3253,40.67280641,-73.96886587,0,0
3254,40.69231661,-74.01486576,18249745,114255.8628
3255,40.75058535,-73.99468482,32458864,159460.6871
3256,40.72771408,-74.01129574,31889271,189191.2823
3257,40.77376867,-73.97116989,157077,769.3772079
3258,40.75018156,-74.00218427,14161151,204443.302
3259,40.74937024,-73.99923384,13378465,182844.6998
3260,40.72706363,-73.99662137,15893804,237519.3738
3263,40.72951496,-73.9907527,21120591,343508.9019
3267,40.71241882,-74.03852552,0,54042.44356
3273,40.72165072,-74.04288411,0,21009.13187
3275,40.7183552,-74.03891444,0,41028.58703
3276,40.71458404,-74.04281706,0,46750.28546
3282,40.78307,-73.95939,30896294,169020.9611
3283,40.7882213,-73.97041561,6325713,54609.25645
3284,40.7814107,-73.95595908,3628871,38415.49463
3285,40.78839,-73.9747,7472986,73025.83816
3286,40.7806284,-73.9521667,6017350,71828.14018
3288,40.778301,-73.9488134,7096013,85382.01319
3289,40.79017948,-73.97288918,4416179,44153.66325
3290,40.7779453,-73.946041,4879232,55774.7606
3292,40.7857851,-73.957481,9901041,62683.58385
3293,40.7921,-73.9739,6615467,67252.08402
3294,40.7835016,-73.955327,4507960,43153.26448
3295,40.79127,-73.964839,14636331,93888.78793
3296,40.78245418,-73.94891962,1571685,10176.03207
3297,40.6686627,-73.97988067,2541496,41749.07225
3298,40.686371,-73.99383324,4224923,86382.48311
3299,40.78813,-73.95206,0,0
3300,40.66514682,-73.97637606,6571381,32588.78291
3301,40.7919557,-73.968087,6544847,53955.84497
3302,40.7969347,-73.96434123,1787178,8663.569411
3303,40.6849894,-73.99440329,3138252,62657.61454
3304,40.668127,-73.98377641,3450332,66482.53038
3305,40.7811223,-73.94965589,8455852,62942.99493
3306,40.6662078,-73.98199886,2908464,58138.35573
3307,40.7941654,-73.974124,7991383,84400.65934
3308,40.6861758,-73.99645295,3184883,82938.81942
3309,40.7859201,-73.94860294,1504487,10921.60776
3310,40.663779,-73.98396846,3494468,64073.33839
3311,40.68763155,-74.0016256,4359613,83027.44103
3312,40.7817212,-73.94594,5953391,52577.19744
3313,40.6663181,-73.9854617,2189494,16503.47092
3314,40.7937704,-73.971888,8889761,79868.24828
3315,40.6847514,-73.99917254,3378683,93789.83205
3316,40.7989937,-73.96621738,5662368,38021.14192
3317,40.6686273,-73.98700053,3058067,15157.06921
3318,40.7839636,-73.9471673,7083444,62446.51506
3319,40.666287,-73.98895053,4484103,69452.94714
3320,40.79406661,-73.96286845,11202614,71447.41473
3321,40.6831164,-73.99785267,3000866,79309.40914
3322,40.668603,-73.9904394,5029521,10156.65847
3323,40.7981856,-73.9605909,13283977,102745.1181
3324,40.6685455,-73.99333264,7724721,10653.86077
3325,40.7849032,-73.950503,3157405,35116.62735
3326,40.67434,-74.00194698,1353340,2855.177857
3327,40.7877214,-73.94728331,998383,7489.623812
3328,40.795,-73.9645,5759090,43836.43816
3329,40.6829151,-73.99318208,2735322,58329.98133
3330,40.6725058,-74.00494695,1568187,3340.733921
3331,40.8013434,-73.97114574,10399148,102022.9758
3332,40.68199044,-73.99079025,1320105,8730.189989
3333,40.6747055,-74.0075572,1827030,1331.422776
3335,40.6772744,-73.98282002,4653194,26435.9465
3336,40.787801,-73.953559,7457777,71675.49338
3337,40.67363551,-74.01195556,1560573,3837.924859
3338,40.7862586,-73.94552579,1668648,19424.09643
3339,40.6765304,-73.97846879,3381720,13428.76002
3340,40.6753274,-74.0100698,1849928,2437.891704
3341,40.795346,-73.96186,6421913,40496.25584
3342,40.6777748,-74.0094613,3927622,2197.458819
3343,40.7997568,-73.96211287,4925836,37772.76463
3344,40.679043,-74.011169,3586054,11387.56503
3345,40.78948542,-73.95242929,3204297,24367.78091
3346,40.67514684,-73.97523209,4861043,104676.5525
3347,40.6773429,-74.01275056,3943059,13259.58306
3348,40.677236,-74.015665,2999803,9465.262872
3349,40.6729679,-73.97087984,20164859,216452.2672
3350,40.7973721,-73.97041192,8178144,57835.08052
3351,40.7869946,-73.94164802,4712354,55685.01799
3352,40.67267243,-74.00879525,1250511,22521.7672
3353,40.6747844,-74.01612847,4933836,9509.213232
3354,40.668132,-73.97363831,11436343,36074.31524
3355,40.76800889,-73.96845281,3694819,41247.91071
3356,40.7746671,-73.98470567,4511288,56129.05032
3357,40.8008363,-73.96644925,6774883,45762.35404
3358,40.6711978,-73.97484126,3355754,65670.04935
3359,40.7691572,-73.96703464,3648544,34111.0549
3360,40.7829391,-73.9786517,9390385,100148.6554
3361,40.6740886,-73.9787282,3058449,72110.32284
3362,40.7781314,-73.96069399,8958538,78685.85534
3363,40.7904828,-73.95033068,2366089,15423.6496
3364,40.6751622,-73.9814832,3961522,21785.43723
3365,40.6703837,-73.97839676,7974749,25221.25769
3366,40.8021174,-73.96818053,5528456,49282.37173
3367,40.7922553,-73.95249933,10196610,64291.50095
3368,40.6728155,-73.98352355,5361930,31146.81008
3369,40.7724607,-73.9468208,3743099,22973.53719
3370,40.7727966,-73.95577801,3662123,39351.98586
3371,40.67461342,-73.98501143,1881065,10229.08281
3372,40.7689738,-73.95482273,7602410,91513.2217
3373,40.6750705,-73.98775226,3683873,88129.4391
3374,40.799484,-73.955613,38433035,161297.944
3375,40.7699426,-73.96060712,3645349,25361.08371
3376,40.76471852,-73.9622207,4729816,54921.17285
3377,40.6786115,-73.99037292,3787170,17604.28137
3378,40.773763,-73.96222088,5497105,56165.13965
3379,40.7903051,-73.94755757,2305737,28729.54003
3381,40.6777287,-73.99364123,1606801,8277.956507
3382,40.680611,-73.99475825,6505711,118807.6762
3383,40.804213,-73.96699104,17991965,141529.0976
3384,40.6787242,-73.99599099,2629787,15876.93135
3386,40.6809591,-73.99905709,2435312,13642.96616
3387,40.7934337,-73.94945003,2742794,14142.45853
3388,40.6828003,-73.99990419,2883753,15512.34733
3389,40.6830456,-74.00348559,3027573,22171.31649
3390,40.79329668,-73.9432083,4605984,22244.89092
3391,40.7892529,-73.93956237,2671929,17918.16288
3392,40.6812117,-74.00860912,1872566,7266.741066
3393,40.6794327,-74.00785041,1023881,4735.009305
3394,40.6769993,-74.00647134,1866094,896.6395698
3395,40.6763744,-74.00324957,1141875,2568.957614
3396,40.6783563,-74.00014502,3512617,19044.34804
3397,40.6763947,-73.99869893,3771406,19049.40588
3398,40.6746957,-73.99785768,3610255,13867.21659
3399,40.67260298,-73.98983002,2119086,7655.546477
3400,40.7961535,-73.94782145,10927661,38932.21616
3401,40.6724811,-73.99331394,1763375,8280.521615
3402,40.6902375,-73.99203074,5971017,34611.11401
3403,40.6705135,-73.98876585,3162138,19703.59938
3404,40.6704922,-73.98541675,5037672,14084.26599
3405,40.6704836,-73.98208968,2468488,14727.37248
3407,40.679098,-73.98765475,4443366,24621.76054
3408,40.6881529,-73.99520919,4569995,20379.03389
3409,40.6867443,-73.99063168,11150983,69281.68768
3410,40.6864442,-73.98759104,2843490,15594.54572
3411,40.6849668,-73.98620772,3250652,20704.51666
3412,40.6853761,-73.98302136,2605273,11584.66011
3413,40.6827549,-73.98258555,2751358,11903.89923
3414,40.68094472,-73.97567332,4989275,24892.46625
3415,40.6793307,-73.97519523,3129518,19011.76298
3416,40.6776147,-73.97324283,7616037,58947.99747
3417,40.6795766,-73.97854971,3686287,21152.15771
3418,40.6750207,-73.97111473,21054394,54487.83682
3419,40.6792788,-73.98154004,3292841,17073.1301
3420,40.6802133,-73.98432695,3395523,18109.78121
3421,40.6843549,-73.98901629,1949296,9466.720234
3422,40.6859296,-74.00242364,4327179,18534.62255
3423,40.66106337,-73.97945255,22381094,164287.9539
3424,40.791976,-73.945993,1792729,12069.53048
3425,40.7892105,-73.94370784,2592454,22327.51557
3427,40.72430527,-73.99600983,21648729,332107.3976
3428,40.740983,-74.001702,16594469,264834.3307
3429,40.68506807,-73.9779076,14003835,274693.4203
3430,40.71907891,-73.9422369,3527797,8142.439682
3431,40.746524,-73.977885,9121774,56841.88797
3432,40.66906014,-73.99463654,412511,522.8295444
3434,40.79025417,-73.9771834,5472978,63173.83223
3435,40.718822,-73.99596,23999597,360732.8902
3436,40.721319,-74.010065,12358148,161437.1336
3437,40.79313481,-73.97700369,5136712,20136.50358
3438,40.77224854,-73.95842135,4400507,50968.13548
3440,40.69241829,-73.98949474,18806831,178273.6108
3441,40.752957,-74.00264,1637993,25248.37578
3443,40.76132983,-73.97982001,19989659,130564.6199
3445,40.79181172,-73.97860229,3066045,15562.61997
3447,40.76703432,-73.9562273,7375168,74422.62381
3449,40.72146256,-73.94800901,1512496,50569.93715
3452,40.71915572,-73.94885391,1508531,7648.278901
3453,40.71335226,-73.94910336,4171871,110151.2175
3454,40.71036854,-73.94705951,3843995,79262.52327
3455,40.68680821,-73.98036182,2553947,11209.80199
3456,40.71638032,-73.94821286,956824,6509.759903
3457,40.76302594,-73.97209525,3467774,45069.62123
3458,40.76309387,-73.97835016,15942864,89029.37023
3459,40.75763228,-73.96930575,9700956,118484.9209
3461,40.71485151,-74.01122332,11706270,150481.0698
3462,40.75118387,-73.97138715,7043046,105093.5278
3463,40.73536706,-73.98797393,10356582,178622.4329
3464,40.75227094,-73.98770571,3233510,63895.46434
3466,40.75668721,-73.98257732,10746211,139408.8995
3467,40.72494672,-74.00165856,5453559,29956.26851
3468,40.7303801,-73.9747502,128727,609.2568897
3469,40.73181402,-73.95995021,2042629,5051.942823
3471,40.66888416,-73.99481356,0,0
3472,40.74275383,-74.00747359,13579192,73026.11504
3474,40.7252557,-74.00412083,6889104,41039.3095
3476,40.72576997,-73.9507395,2610701,7698.293229
3477,40.65539977,-74.01062787,1287946,1811.374886
3478,40.65708867,-74.00870204,2606105,7166.53115
3479,40.6851256,-74.02535319,3935356,45877.41918
3480,0,0,0,0
3481,40.71649,-74.04105,0,4583.565615
3486,40.68841743,-73.98451656,1064774,4672.927015
3489,40.71069995,-74.00354147,1817669,6274.776824
3490,40.796879,-73.937261,203421,844.5295925
3492,40.8005385,-73.9419949,59941,35.45472777
3493,40.799139,-73.9389152,161657,773.5324118
3494,40.797911,-73.9423,209442,510.1351792
3495,40.7945663,-73.9362541,255406,1005.77664
3496,40.7923272,-73.9383,363571,1762.666172
3497,40.7949879,-73.9333349,556201,1933.355724
3499,40.8006721,-73.9349,65208,130.5003732
3500,40.7989445,-73.944846,137163,635.0717553
3501,40.8014866,-73.9442507,186258,835.3497597
3502,40.7954121,-73.9441232,131683,578.2753635
3503,40.80295,-73.942954,190316,754.7855299
3504,40.8029263,-73.9379,262584,451.7538693
3506,40.8013066,-73.9398167,35297,105.7195068
3507,40.8045555,-73.9396861,66971,336.4662396
3508,40.809725,-73.953149,341431,1411.317829
3509,40.8011939,-73.9500739,684164,2742.403888
3510,40.8078316,-73.949373,466328,1465.457929
3511,40.802535,-73.9532423,453163,2324.001241
3518,40.808442,-73.9452087,821067,913.5197145
3527,40.80698,-73.941747,0,0
3529,40.8107922,-73.9430681,658769,1040.146805
3531,40.8125511,-73.9492286,163659,754.5867814
3533,40.8114323,-73.9518776,262235,933.1175151
3535,40.804038,-73.945925,647361,885.4898009
3536,40.8082,-73.9641,1035416,4728.491133
3538,40.802692,-73.96295,225570,941.6692354
3540,40.81,-73.9551508,261254,719.1112643
3541,40.813358,-73.956461,52337,207.760569
3542,40.8086249,-73.9596214,1210647,2969.121822
3545,40.8120562,-73.9612547,473628,2031.205389
3547,40.8143256,-73.9590255,542900,1804.56711
3551,40.795508,-73.941606,152406,628.2861949
3552,40.805973,-73.964928,895436,3571.172568
3553,40.801694,-73.957145,2080219,6123.962197
3554,40.7552433,-73.9485678,124711,220.1079808
3555,40.751047,-73.93797,0,0
3556,40.7527085,-73.9397405,48699,450.2906283
3557,40.75742,-73.945133,0,0
3560,40.754876,-73.934326,41674,163.6963179
3561,40.7531106,-73.9279917,121583,494.6138465
3563,40.757186,-73.932719,33179,117.3355264
3564,40.7601853,-73.9362726,9624,100
3565,40.7614376,-73.9411265,51566,16.21040774
3566,40.7596276,-73.9321455,24872,10.29733799
3567,40.7627442,-73.9391141,14562,7.068567549
3568,40.7569332,-73.9262231,37691,16.493563
3570,40.7557327,-73.9236611,34076,0
3572,40.756913,-73.921631,64131,228.1668964
3573,40.7580583,-73.9242751,50163,91.95901965
3577,40.7628138,-73.9342862,18190,216.8750914
3586,40.7638753,-73.9364848,1932,0
3588,40.7671863,-73.9373554,36708,78.07882319
3589,40.7668,-73.9347774,35097,13.54295292
3591,40.7659,-73.930819,3825,93.82084645
3592,40.7633589,-73.9286471,23086,15.9065044
3593,40.761584,-73.925921,27353,195.6807173
3597,40.7577284,-73.9166368,0,0
3598,40.7595701,-73.9142678,17094,38.32649976
3602,40.763154,-73.920827,39846,86.11867718
3603,40.7647,-73.9240312,15768,79.356369
3605,40.7658346,-73.9265474,12913,27.49946747
3609,40.7692475,-73.9354504,18152,0
3610,40.770845,-73.934171,4584,0
3611,40.7449067,-73.9534573,0,0
3615,40.748,-73.9460927,0,0
3623,40.8109494,-73.9634,0,0
3625,40.7525758,-73.9364281,0,0
3629,40.80949535,-73.94776493,0,0
3632,40.72804857,-73.9788115,1401305,8502.53179
3635,40.75462324,-73.99516761,595594,0
3636,40.70773148,-73.93452287,0,0
3637,40.68323865,-73.96599591,76453,455.1637873
3641,40.74286877,-73.98918629,0,0
3646,40.76315482,-73.9398551,0,0
3647,40.74128309,-73.93725872,0,0
3648,40.69795032,-73.9707756,0,0
3649,40.81439444,-73.95324737,0,0
3656,40.72307749,-73.98583621,0,0
3659,40.74294892,-74.00413692,0,0
3666,40.76642553,-73.92062902,0,0
3669,40.67630358,-74.00314048,0,0
3671,40.77477945,-73.95427465,0,0
3674,40.70140317,-73.9867267,0,0
3676,40.67583294,-74.01472628,0,0
3677,40.72755147,-74.07106072,0,0
3679,40.72210379,-74.071455,0,0
3684,40.73756121,-74.00398269,0,0
3686,40.7394482,-74.00507033,0,0
3689,40.79904139,-73.9664948,0,0
2000,40.70255088,-73.98940236,14868250,#N/A
2001,40.699773,-73.979927,1930905,#N/A
2002,40.716887,-73.963198,13242902,#N/A
2003,40.73381219,-73.98054421,12853427,#N/A
2005,40.70531194,-73.97100056,689847,#N/A
2006,40.76590936,-73.97634151,51657079,#N/A
2008,40.70569254,-74.01677685,32139819,#N/A
2009,40.71117444,-73.99682619,7880264,#N/A
2010,40.72165481,-74.00234737,13677451,#N/A
2012,40.739445,-73.976806,10983813,#N/A
2021,40.75929124,-73.98859651,18566685,#N/A
2022,40.759107,-73.959223,4418312,#N/A
2023,40.75968085,-73.97031366,7508839,#N/A
3470,40.66980193,-73.99490476,58920,#N/A