stationid,tripsin,tripsout,tripsfailedin,tripsfailedout,tripsfailedout_battery,trips_failedout_destinationfull,station_capacity,usage
519,71122,71132,326,10075,0,2987,61,152655
426,59837,59843,3699,8861,0,2429,29,132240
497,55461,55478,1027,4311,0,2210,59,116277
514,50548,50570,1434,7716,0,1617,52,110268
435,51533,51519,720,3830,0,1967,47,107602
459,48470,48494,940,3590,0,2078,49,101494
402,40138,40137,4745,15413,0,1426,39,100433
490,42145,42178,132,7876,0,1477,59,92331
3255,33817,33817,5176,17843,0,1475,19,90653
285,43284,43291,263,3723,0,2238,51,90561
523,41964,41979,245,4865,0,1535,51,89053
3002,41870,41876,504,4636,0,2236,25,88886
368,42054,42050,644,3917,0,2015,39,88665
293,40446,40435,460,2893,0,2246,55,84234
2006,38064,38075,4,7279,0,415,49,83422
151,39092,39092,864,4089,0,1916,33,83137
387,38714,38721,962,4003,0,2304,39,82400
358,38393,38398,883,4071,0,1784,36,81745
477,36213,36230,496,8635,0,1469,59,81574
284,37390,37393,691,3417,0,1668,30,78891
168,37086,37086,520,3273,0,1471,47,77965
382,36816,36808,492,3077,0,1795,36,77193
229,35921,35937,636,3840,0,1762,23,76334
327,35178,35186,1671,3232,0,2160,39,75267
3263,35410,35405,218,4167,0,2648,59,75200
444,33733,33737,1018,6603,0,1305,30,75091
281,26867,26867,1284,19953,0,392,57,74971
505,34250,34247,525,3840,0,1291,36,72862
499,31561,31560,12,8385,0,634,36,71518
3256,32791,32785,639,4289,0,1286,22,70504
3427,32833,32825,1067,3378,0,1546,40,70103
128,31967,31976,643,3888,0,1720,30,68474
359,25039,25039,3711,14252,0,1110,53,68041
3435,32279,32286,403,2806,0,1810,45,67774
379,30649,30673,402,5821,0,1297,42,67545
465,31830,31811,189,3455,0,1779,39,67285
405,32154,32154,441,2299,0,1277,40,67048
432,25075,25062,4717,11805,0,1173,31,66659
446,31779,31787,203,2780,0,1242,39,66549
504,31183,31168,659,3509,0,1528,45,66519
457,30390,30384,11,5363,0,1118,39,66148
492,29563,29584,312,6330,0,1200,61,65789
2008,30887,30885,687,3105,0,1352,24,65564
3224,30609,30615,436,3142,0,1440,30,64802
127,30520,30508,643,2638,0,1584,31,64309
509,30509,30513,606,2645,0,1074,36,64273
462,30810,30801,539,1832,0,1155,47,63982
458,29403,29411,516,3009,0,1294,31,62339
3428,29234,29237,554,2616,0,1492,30,61641
518,28437,28433,59,3859,0,1321,39,60788
442,29160,29205,266,2147,0,1311,51,60778
433,25454,25461,3286,6513,0,1234,39,60714
479,28244,28239,212,3747,0,829,31,60442
491,26448,26446,1338,5882,0,972,51,60114
496,27941,27954,393,2965,0,1113,47,59253
297,27950,27958,495,2593,0,1457,27,58996
347,27357,27354,407,3131,0,1611,35,58249
537,27214,27194,711,3082,0,1126,21,58201
237,26787,26787,988,2450,0,1315,39,57012
527,26030,26031,188,4692,0,1056,30,56941
380,26795,26790,414,2325,0,1083,39,56324
161,26663,26673,529,2194,0,1291,30,56059
472,26509,26511,247,2723,0,1021,41,55990
483,26393,26401,487,2621,0,1783,35,55902
173,25554,25558,58,4603,0,815,51,55773
445,26281,26252,520,2695,0,1093,52,55748
494,26122,26117,1773,1525,0,906,35,55537
3165,24696,24700,4,6077,0,285,51,55477
486,25970,25967,259,2860,0,1217,39,55056
3374,25653,25653,65,3661,0,230,36,55032
3137,25554,25556,79,3796,0,227,31,54985
466,25891,25878,494,2570,0,1091,35,54833
236,25657,25655,843,2639,0,1419,39,54794
401,25673,25673,510,2938,0,1347,42,54794
503,25174,25186,1881,2436,0,1119,29,54677
450,25513,25538,5,3515,0,1070,59,54571
251,25762,25775,507,2459,0,1449,27,54503
453,25770,25753,241,2352,0,894,39,54116
334,25731,25737,484,2077,0,1125,31,54029
3141,24997,24998,37,3616,0,744,59,53648
3260,25132,25137,485,2384,0,1193,31,53138
212,24913,24911,421,2643,0,1005,28,52888
482,25045,25020,242,2404,0,939,39,52711
507,24980,25000,63,2632,0,1286,45,52675
312,24512,24519,607,2822,0,1280,31,52460
498,24441,24428,316,3232,0,907,30,52417
345,25128,25123,652,1511,0,1194,35,52414
461,24126,24104,147,3375,0,1262,39,51752
545,24091,24109,256,3191,0,1054,27,51647
304,20302,20302,3077,7347,0,1171,33,51028
417,23134,23141,736,3388,0,1762,23,50399
315,23205,23217,700,2959,0,1344,29,50081
3282,23364,23369,38,3170,0,197,38,49941
383,23555,23574,381,2211,0,1073,39,49721
478,23055,23058,479,2947,0,532,31,49539
531,23366,23363,306,2157,0,1400,39,49192
2021,22921,22941,27,3285,0,678,43,49174
265,23097,23086,509,2403,0,1435,35,49095
336,23471,23474,369,1718,0,1081,36,49032
434,23071,23092,166,2520,0,1119,30,48849
3443,15167,15167,2912,14934,0,413,41,48180
410,22466,22481,599,2625,0,1279,35,48171
530,21719,21710,350,4189,0,887,24,47968
524,21665,21667,443,4072,0,974,57,47847
3016,22708,22746,478,1860,0,1759,47,47792
3163,20821,20819,13,5870,0,370,43,47523
529,21984,21981,440,3057,0,674,41,47462
526,22337,22335,100,2671,0,900,39,47443
3258,22342,22359,386,2279,0,1060,37,47366
517,21760,21759,13,3693,0,1141,59,47225
474,22282,22280,148,2446,0,975,47,47156
428,21912,21934,567,2719,0,1116,30,47132
3167,21492,21491,2,4088,0,285,55,47073
167,22196,22167,162,2364,0,1227,45,46889
3164,18872,18863,0,8784,0,286,67,46519
448,21690,21685,200,2835,0,665,31,46410
468,21436,21434,19,3487,0,1175,49,46376
501,20988,20981,68,4313,0,731,43,46350
363,22101,22106,265,1812,0,1218,49,46284
326,21341,21344,1638,1956,0,851,27,46279
2003,21680,21668,468,2433,0,849,39,46249
540,21794,21801,151,2442,0,1034,30,46188
361,21656,21670,264,2333,0,1083,43,45923
476,21912,21912,51,1880,0,835,47,45755
3233,21079,21083,352,2783,0,494,39,45297
301,20968,20960,620,2681,0,956,37,45229
279,21331,21342,243,1994,0,1114,36,44910
438,21275,21283,357,1643,0,837,41,44558
439,20354,20374,594,3061,0,1125,30,44383
377,17219,17208,2098,7566,0,893,45,44091
546,20464,20474,153,2422,0,772,38,43513
508,20237,20220,517,2433,0,823,24,43407
3093,20321,20329,608,2063,0,1407,28,43321
447,20045,20050,131,2896,0,631,23,43122
536,20068,20082,196,2751,0,720,29,43097
487,18613,18629,453,5014,0,681,36,42709
412,20072,20067,327,2170,0,1436,29,42636
267,20236,20231,25,2110,0,1043,57,42602
116,20146,20169,134,2097,0,916,30,42546
3458,19993,19994,441,2095,0,535,40,42523
195,19497,19511,569,2544,0,1660,45,42121
268,19646,19642,663,2134,0,1002,27,42085
470,20222,20208,369,1164,0,716,38,41963
305,19247,19247,492,2802,0,512,33,41788
484,19444,19448,234,2588,0,610,44,41714
217,19297,19297,1419,1428,0,1405,39,41441
539,19370,19375,670,1730,0,1504,31,41145
72,19445,19446,50,2169,0,680,39,41110
525,19561,19578,101,1801,0,721,39,41041
532,19044,19038,264,2605,0,1355,43,40951
3158,18236,18229,10,4405,0,403,31,40880
3142,19282,19286,9,2209,0,357,41,40786
528,18725,18758,54,2686,0,907,39,40223
257,18667,18679,376,2221,0,987,39,39943
328,18572,18569,485,2310,0,1091,23,39936
495,18504,18505,148,2631,0,440,25,39788
515,18450,18440,166,2445,0,410,35,39501
346,18455,18465,504,2005,0,685,27,39429
355,18911,18905,169,1420,0,964,43,39405
319,18202,18198,527,2130,0,1215,33,39057
388,18424,18406,436,1770,0,867,35,39036
3244,18466,18476,170,1855,0,841,31,38967
3259,18490,18489,576,1251,0,664,27,38806
3236,14416,14414,1346,8623,0,357,33,38799
309,18251,18243,770,1318,0,752,41,38582
3436,17815,17822,423,2429,0,887,30,38489
307,18033,18046,463,1814,0,1030,30,38356
253,14532,14531,1975,7168,0,650,3,38206
3168,16851,16836,3,4334,0,165,31,38024
403,17665,17669,501,2057,0,1071,31,37892
252,18118,18104,330,1291,0,747,33,37843
3463,17831,17836,876,1137,0,1070,37,37680
485,17663,17677,119,2164,0,642,39,37623
317,17050,17051,882,2531,0,726,27,37514
259,17656,17669,306,1828,0,743,39,37459
520,15464,15464,1370,5005,0,376,39,37303
325,17689,17686,226,1463,0,943,35,37064
335,17348,17332,347,1867,0,849,27,36894
303,17116,17118,341,2076,0,784,31,36651
2010,17000,17000,706,1762,0,815,39,36468
3140,17077,17074,29,2228,0,348,55,36408
480,16773,16750,70,2750,0,503,27,36343
3429,17074,17097,414,1581,0,1282,39,36166
2002,16875,16876,540,1650,0,1321,27,35941
3159,15800,15797,12,4005,0,339,31,35614
3223,13952,13952,1246,6412,0,488,53,35562
153,16159,16158,174,2955,0,569,30,35446
2012,16603,16606,226,2006,0,686,36,35441
348,16535,16550,252,1634,0,754,30,34971
223,16505,16497,154,1667,0,782,33,34823
3143,15901,15890,0,2637,0,201,47,34428
394,15659,15651,479,2423,0,779,32,34212
500,15481,15483,43,2856,0,894,52,33863
430,15495,15498,959,1708,0,1250,30,33660
473,15876,15865,378,1502,0,1062,38,33621
3409,15733,15733,299,1617,0,1422,35,33382
385,15571,15570,81,1979,0,598,30,33201
174,15650,15650,150,1643,0,697,30,33093
238,15421,15438,392,1689,0,572,31,32940
3147,15450,15450,11,1971,0,244,39,32882
3112,15531,15543,197,1466,0,1101,33,32737
369,15470,15457,343,1382,0,719,35,32652
3383,14934,14941,106,2338,0,305,25,32319
2000,14857,14854,1123,1469,0,1065,30,32303
3166,15162,15167,115,1829,0,366,41,32273
3466,14927,14924,343,1952,0,480,30,32146
3173,15048,15041,162,1804,0,349,39,32055
3235,15085,15102,180,1572,0,485,31,31939
3349,15040,15010,230,1614,0,888,30,31894
3461,14822,14829,445,1441,0,651,33,31537
469,13764,13760,0,3901,0,641,57,31425
3160,13718,13714,1,3975,0,185,39,31408
502,14620,14614,322,1770,0,718,30,31326
296,14862,14867,159,1421,0,890,35,31309
441,14551,14548,28,2127,0,581,35,31254
460,14644,14657,335,1610,0,1202,23,31246
350,14441,14442,476,1669,0,791,28,31028
247,14220,14217,280,1970,0,504,20,30687
164,14147,14147,146,2118,0,416,47,30558
280,14575,14573,130,1140,0,685,31,30418
427,13990,14003,56,1972,0,617,47,30021
440,13825,13833,560,1785,0,512,32,30003
386,14134,14150,163,1372,0,756,43,29819
146,13742,13751,300,1325,0,777,39,29118
423,13480,13476,30,1977,0,434,27,28963
3107,13662,13657,263,1365,0,1256,39,28947
3472,13751,13760,135,1175,0,496,39,28821
456,13184,13181,361,1973,0,367,35,28699
306,13661,13645,262,1109,0,758,30,28677
295,13440,13443,351,1403,0,832,24,28637
320,13414,13401,354,1349,0,702,27,28518
376,13344,13373,638,1071,0,725,43,28426
3295,12740,12732,0,2858,0,134,59,28330
513,13266,13278,51,1725,0,436,27,28320
522,13044,13054,780,1334,0,585,51,28212
3090,13252,13227,437,1173,0,949,31,28089
351,13156,13146,221,1545,0,590,39,28068
357,13162,13165,92,1509,0,643,27,27928
311,12989,12985,251,1695,0,970,31,27920
3092,13042,13051,427,1355,0,1079,27,27875
3171,12562,12563,4,2745,0,169,39,27874
422,12977,12985,0,1837,0,428,55,27799
449,13042,13048,12,1671,0,401,30,27773
3431,12915,12912,104,1786,0,470,23,27717
228,12575,12575,184,1488,0,293,55,26822
398,12456,12474,434,1362,0,1206,31,26726
79,12613,12604,350,1082,0,652,33,26649
455,12559,12552,157,1311,0,544,39,26579
152,12417,12428,202,1516,0,761,30,26563
3119,12583,12574,160,1210,0,651,45,26527
254,12724,12716,116,970,0,507,31,26526
330,12349,12335,233,1166,0,744,39,26083
3175,12090,12107,35,1786,0,250,31,26018
3360,11825,11822,26,2339,0,176,25,26012
3156,11925,11948,16,1973,0,422,37,25862
3459,12049,12049,137,1503,0,329,34,25738
150,11613,11619,547,1682,0,574,29,25461
391,11443,11441,22,2468,0,978,31,25374
3440,11786,11805,217,1437,0,1010,43,25245
3129,11885,11901,51,1177,0,416,31,25014
415,11689,11675,288,1263,0,526,42,24915
323,11626,11621,166,1475,0,877,39,24888
3132,11514,11519,68,1612,0,219,35,24713
276,11493,11499,210,1180,0,512,25,24382
3423,11423,11411,163,1090,0,598,29,24087
3418,11087,11083,55,1541,0,606,33,23766
3323,10976,10982,3,1566,0,154,59,23527
264,10857,10844,238,1514,0,669,27,23453
2023,10747,10727,326,1535,0,269,36,23335
324,10812,10809,610,897,0,897,51,23128
360,10782,10781,220,1148,0,586,39,22931
308,10868,10851,86,1076,0,646,27,22881
3226,10043,10031,0,2674,0,153,45,22748
3176,10380,10364,104,1837,0,258,30,22685
3136,10656,10674,1,1342,0,175,47,22673
389,10468,10449,291,1214,0,929,27,22422
392,10534,10543,286,1003,0,664,35,22366
362,10636,10646,21,968,0,566,57,22271
3161,9249,9252,0,3677,0,198,59,22178
3305,10379,10399,29,1370,0,194,39,22177
3086,10194,10202,145,1581,0,1171,25,22122
321,10131,10133,323,1302,0,796,27,21889
481,10219,10209,154,1301,0,908,25,21883
366,10061,10047,177,1541,0,885,33,21826
282,10222,10205,312,1072,0,911,27,21811
3134,10397,10410,12,924,0,236,51,21743
249,10132,10133,471,929,0,473,27,21665
406,10080,10057,27,1373,0,706,34,21537
3314,9999,10012,12,1505,0,144,32,21528
143,9931,9923,295,1324,0,907,24,21473
239,9848,9860,118,1625,0,778,31,21451
3402,10007,10000,248,1081,0,817,23,21336
467,10002,9988,174,1049,0,959,34,21213
3372,9846,9833,4,1398,0,240,39,21081
349,9615,9621,247,1554,0,548,23,21037
2009,9922,9924,76,1074,0,520,35,20996
3416,9971,9977,141,877,0,658,30,20966
337,9745,9745,417,1006,0,479,37,20913
3318,9865,9883,9,976,0,145,39,20733
3462,9621,9616,126,1322,0,391,39,20685
454,9790,9791,5,1052,0,354,35,20638
3169,9594,9594,40,1269,0,219,39,20497
3243,9662,9663,34,1038,0,185,29,20397
3178,9466,9473,31,1344,0,216,39,20314
3096,9557,9550,144,1050,0,989,39,20301
534,9384,9379,517,991,0,458,31,20271
3113,9525,9508,158,941,0,723,27,20132
384,9426,9418,176,985,0,744,30,20005
3162,9121,9122,9,1537,0,166,39,19789
3320,8981,8981,1,1639,0,108,49,19602
411,8990,8996,246,1157,0,420,23,19389
414,8871,8879,433,1060,0,674,24,19243
393,8930,8927,380,978,0,407,31,19215
3177,8111,8128,0,2966,0,125,63,19205
3301,8549,8537,1,1970,0,96,39,19057
157,8869,8864,184,1128,0,850,23,19045
3170,8460,8455,0,2108,0,103,35,19023
3288,8891,8912,38,1135,0,180,39,18976
3447,8820,8818,23,1307,0,203,30,18968
302,8752,8744,200,1259,0,400,23,18955
3232,8768,8767,594,740,0,726,31,18869
3110,8834,8835,110,1062,0,764,27,18841
3350,8590,8586,1,1540,0,153,39,18717
3362,8689,8690,8,1273,0,139,34,18660
3474,8844,8848,319,563,0,441,36,18574
3286,8629,8616,32,1251,0,181,30,18528
3285,8420,8419,1,1666,0,133,43,18506
332,8484,8483,188,1292,0,376,24,18447
3139,8251,8248,0,1676,0,131,43,18175
356,7792,7790,109,2418,0,407,23,18109
3336,8360,8354,0,1189,0,132,41,17903
331,8363,8354,147,978,0,488,27,17842
3155,8271,8270,8,1065,0,281,39,17614
3180,8254,8268,128,928,0,708,31,17578
3151,8197,8192,9,1081,0,171,43,17479
3367,7944,7928,2,1597,0,137,39,17471
408,8144,8154,184,960,0,533,23,17442
342,8102,8102,175,1057,0,365,29,17436
3382,8206,8195,133,826,0,747,31,17360
3331,8155,8146,21,1022,0,168,39,17344
3108,8051,8054,151,1020,0,664,24,17276
314,8010,8007,80,1147,0,621,39,17244
291,7811,7815,195,1412,0,436,20,17233
437,7936,7927,60,1213,0,498,24,17136
3238,7938,7945,23,1228,0,137,30,17134
3354,7944,7952,61,1138,0,431,31,17095
390,7950,7946,84,1074,0,652,31,17054
3146,7943,7931,5,1152,0,133,47,17031
3101,7968,7974,151,936,0,749,27,17029
471,7949,7953,137,978,0,683,31,17017
3186,5774,5774,0,5461,0,45,42,17009
3254,7931,7917,58,1038,0,45,19,16944
3145,7596,7598,0,1730,0,135,45,16924
3293,7681,7689,28,1525,0,140,24,16923
232,7924,7913,278,805,0,547,23,16920
310,7908,7919,137,723,0,698,36,16687
258,7463,7469,63,1639,0,869,23,16634
3292,7731,7720,4,1126,0,103,43,16581
316,7903,7907,91,665,0,491,43,16566
3115,7840,7852,128,627,0,558,34,16447
83,7844,7868,165,561,0,561,62,16438
3116,7866,7881,119,564,0,544,45,16430
516,7634,7652,140,958,0,245,31,16384
3172,7458,7460,19,1431,0,106,27,16368
3307,7679,7673,25,935,0,163,31,16312
511,7494,7510,291,934,0,407,30,16229
261,7594,7595,118,863,0,671,27,16170
3078,7594,7590,51,894,0,590,27,16129
3242,7595,7575,179,748,0,733,39,16097
274,7533,7551,321,608,0,591,31,16013
3087,7456,7457,175,860,0,786,30,15948
3150,7483,7476,1,953,0,137,47,15913
3283,6877,6875,0,2100,0,87,47,15852
260,7281,7275,358,907,0,352,35,15821
3109,7390,7389,138,743,0,656,31,15660
3082,7240,7244,149,852,0,682,25,15485
322,7320,7329,184,642,0,522,31,15475
3182,7199,7232,0,986,0,40,42,15417
340,7251,7257,100,802,0,451,27,15410
3400,7129,7127,29,1105,0,83,24,15390
3368,7253,7269,103,758,0,570,30,15383
3074,5231,5231,924,3964,0,640,2,15350
3351,7170,7167,43,944,0,60,25,15324
3077,7108,7110,107,860,0,617,33,15185
3183,4849,4850,0,5295,0,64,30,14994
244,6836,6846,52,1199,0,786,31,14933
3346,7094,7098,125,570,0,457,29,14887
3064,6917,6911,133,843,0,618,23,14804
3118,7005,6998,70,605,0,393,30,14678
266,6691,6686,172,1021,0,364,24,14570
395,6852,6851,238,613,0,613,30,14554
396,6732,6739,123,822,0,543,25,14416
3124,6816,6836,32,714,0,289,27,14398
3300,6648,6640,53,1054,0,339,25,14395
3203,3913,3909,0,6461,0,43,26,14283
341,6584,6575,126,973,0,328,19,14258
416,6598,6597,14,969,0,573,31,14178
3378,6572,6585,3,1009,0,192,28,14169
242,6641,6628,272,619,0,502,23,14160
3290,6598,6604,12,898,0,98,35,14112
3453,6527,6534,103,934,0,662,19,14098
3100,6634,6639,55,768,0,677,39,14096
3414,6594,6616,117,592,0,523,33,13919
343,6494,6499,247,666,0,586,23,13906
241,6439,6434,89,941,0,837,23,13903
3315,6400,6400,147,797,0,532,23,13744
3106,6265,6260,168,1037,0,585,19,13730
3135,6362,6348,0,933,0,136,41,13643
3467,6582,6585,23,436,0,297,42,13626
3103,6349,6349,212,589,0,560,30,13499
3408,6274,6291,132,651,0,524,27,13348
3102,6268,6265,97,708,0,588,27,13338
82,6353,6363,46,569,0,371,27,13331
313,6283,6293,108,565,0,470,23,13249
243,6213,6216,296,480,0,477,31,13205
3373,6176,6165,101,580,0,514,27,13022
399,5132,5129,0,2760,0,440,27,13021
3335,6076,6070,204,646,0,545,16,12996
3376,5938,5938,0,1043,0,164,39,12919
3126,6181,6165,13,545,0,295,34,12904
3464,6050,6030,36,733,0,351,30,12849
3434,6049,6049,15,705,0,155,35,12818
3365,6046,6048,68,558,0,357,27,12720
3298,5911,5907,181,631,0,574,23,12630
354,5850,5835,111,774,0,592,23,12570
3356,5842,5843,29,834,0,104,21,12548
3148,5919,5922,13,673,0,93,31,12527
3312,5740,5744,6,922,0,125,39,12412
364,5760,5759,67,770,0,513,27,12356
3083,5741,5736,49,739,0,609,30,12265
365,5725,5743,38,694,0,417,31,12200
3438,5526,5538,0,970,0,86,31,12034
3357,5487,5476,5,1042,0,101,35,12010
3417,5713,5715,122,457,0,400,27,12007
339,5338,5339,93,1213,0,268,24,11983
3117,5510,5534,77,621,0,407,27,11742
3430,5318,5320,105,962,0,538,19,11705
407,5512,5534,78,556,0,378,37,11680
3125,5501,5512,29,595,0,265,23,11637
262,5256,5257,33,1089,0,596,24,11635
3328,5329,5317,1,929,0,166,39,11576
270,5303,5296,77,893,0,543,23,11569
418,5393,5389,344,419,0,372,23,11545
3396,5413,5415,73,631,0,430,25,11532
3289,5192,5194,3,1131,0,100,32,11520
3308,5364,5373,105,630,0,471,27,11472
3422,5302,5313,132,690,0,499,21,11437
3364,5407,5410,113,477,0,426,27,11407
3311,5162,5170,196,689,0,507,21,11217
248,5146,5144,86,811,0,252,23,11187
3231,5152,5149,0,882,0,156,39,11183
3341,5054,5048,0,939,0,132,41,11041
3321,5191,5178,62,592,0,395,25,11023
3361,5144,5137,52,679,0,370,23,11012
3407,5202,5185,93,495,0,438,23,10975
3420,5085,5083,89,594,0,443,21,10851
3080,5005,5008,59,697,0,493,21,10769
3131,5038,5019,1,696,0,94,31,10754
3304,5010,5026,45,516,0,344,27,10597
3294,4863,4854,0,811,0,70,38,10528
3310,4942,4946,42,586,0,349,24,10516
353,4961,4981,111,431,0,351,27,10484
3152,4855,4836,0,789,0,108,41,10480
3366,4870,4873,26,599,0,110,31,10368
3411,4840,4845,71,506,0,439,27,10262
3377,4799,4797,106,480,0,449,25,10182
3398,4659,4658,95,741,0,704,23,10153
3384,4747,4734,44,604,0,478,25,10129
3306,4710,4714,15,659,0,333,23,10098
3454,4674,4677,62,670,0,466,24,10083
3419,4753,4767,102,428,0,423,27,10050
3284,4599,4599,0,806,0,71,38,10004
3403,4626,4626,86,653,0,626,31,9991
3068,4573,4584,225,592,0,592,24,9974
3370,4670,4672,13,594,0,81,25,9949
344,4644,4647,16,615,0,321,23,9922
3415,4674,4672,27,516,0,317,25,9889
278,4631,4638,50,545,0,339,19,9864
3389,4633,4630,65,513,0,392,28,9841
3319,4584,4583,81,551,0,368,21,9799
3358,4556,4566,19,596,0,283,25,9737
3375,4458,4461,2,809,0,59,35,9730
397,4415,4427,8,843,0,366,27,9693
3397,4514,4525,87,559,0,440,25,9685
3457,4645,4662,23,299,0,103,46,9629
3081,4487,4480,78,568,0,458,23,9613
3267,2706,2696,1,4193,0,9,14,9596
3316,4237,4240,2,1046,0,92,30,9525
2022,4388,4382,6,654,0,153,33,9430
3202,3198,3198,0,3022,0,98,18,9418
3076,4405,4418,62,527,0,455,24,9412
3390,4397,4386,9,619,0,73,24,9411
3094,4304,4307,74,657,0,508,18,9342
400,4077,4070,112,840,0,189,15,9099
275,4174,4173,41,648,0,335,19,9036
216,3911,3908,3,1171,0,236,23,8993
3369,4150,4166,1,673,0,79,29,8990
3067,4238,4234,51,420,0,370,27,8943
3355,4072,4092,9,623,0,75,25,8796
3410,4128,4105,39,451,0,333,31,8723
3343,3996,3998,9,711,0,50,23,8714
120,3982,3974,31,723,0,265,19,8710
3388,4056,4070,69,480,0,340,25,8675
3347,4031,4031,123,388,0,367,21,8573
144,3984,3990,173,398,0,386,19,8545
3105,3999,4007,95,347,0,307,24,8448
3379,3967,3974,3,504,0,44,35,8448
3042,3967,3972,56,446,0,263,19,8441
3339,3977,3971,35,447,0,246,23,8430
3425,3924,3925,0,571,0,52,33,8420
3412,3915,3912,55,534,0,318,18,8416
409,3775,3789,41,734,0,372,19,8339
3325,3844,3848,1,605,0,83,30,8298
3303,3916,3916,56,391,0,353,25,8279
3359,3797,3793,0,684,0,78,35,8274
3047,3822,3826,34,498,0,257,21,8180
3052,3847,3838,28,466,0,264,23,8179
419,3829,3818,57,474,0,411,23,8178
3329,3844,3854,91,320,0,312,27,8109
3122,3889,3887,46,211,0,187,31,8033
3413,3768,3766,53,430,0,323,22,8017
3088,3747,3751,82,409,0,334,19,7989
3344,3731,3736,109,407,0,360,19,7983
3157,3734,3726,7,461,0,61,27,7928
3353,3659,3663,85,457,0,439,30,7864
3404,3732,3745,39,323,0,244,27,7839
3386,3666,3668,46,412,0,347,27,7792
3085,0,0,0,7774,0,0,0,7774
245,3509,3500,2,686,0,258,23,7697
3455,3588,3588,84,333,0,316,30,7593
3062,3518,3526,45,432,0,278,23,7521
3187,2266,2269,0,2961,0,26,22,7496
3345,3443,3449,2,555,0,53,35,7449
3476,3520,3512,48,303,0,295,30,7383
3199,2460,2459,0,2340,0,45,14,7259
3121,3376,3369,20,323,0,144,27,7088
3297,3294,3292,10,475,0,224,21,7071
3437,3197,3230,0,624,0,63,39,7051
3049,3268,3270,47,363,0,219,18,6948
3317,3285,3294,27,306,0,237,24,6912
372,3157,3157,27,384,0,295,27,6725
3391,3148,3141,11,407,0,32,25,6707
3120,3214,3219,31,235,0,136,20,6699
3276,2274,2275,0,2119,0,20,26,6668
289,2653,2650,1,1360,0,171,19,6664
3241,3058,3066,21,511,0,183,19,6656
3073,3105,3109,14,380,0,316,27,6608
3071,3087,3088,45,376,0,291,19,6596
3249,3112,3112,35,333,0,180,19,6592
3313,3133,3130,32,296,0,254,29,6591
3091,3007,3011,76,464,0,456,31,6558
3348,3046,3038,106,344,0,315,19,6534
3214,1974,1975,0,2573,0,25,22,6522
3058,3009,3017,10,428,0,232,24,6464
3057,2908,2920,38,517,0,278,18,6383
3213,1937,1937,0,2476,0,11,22,6350
420,2835,2836,6,613,0,238,23,6290
436,2866,2866,1,492,0,190,27,6225
3445,2978,2973,7,261,0,58,30,6219
3056,2910,2896,25,343,0,248,23,6174
3095,2809,2797,15,486,0,373,23,6107
3452,2860,2873,35,321,0,321,43,6089
3469,2895,2897,26,235,0,208,23,6053
3405,2866,2870,21,288,0,215,23,6045
3050,2816,2816,14,392,0,210,21,6038
3184,2070,2071,0,1793,0,39,14,5934
3054,2740,2734,16,399,0,235,19,5889
3192,2122,2122,0,1636,0,21,22,5880
3048,2735,2744,28,354,0,201,19,5861
3381,2759,2765,26,295,0,174,21,5845
3144,2672,2679,1,477,0,76,46,5829
3041,2755,2760,32,281,0,191,24,5828
3055,2696,2682,4,372,0,239,23,5754
3275,1824,1824,0,2105,0,24,14,5753
3072,2682,2701,24,326,0,228,24,5733
3046,2617,2612,13,371,0,153,19,5613
3066,2581,2587,18,408,0,196,19,5594
3324,2609,2605,67,273,0,270,25,5554
3371,2622,2628,34,216,0,210,27,5500
421,2544,2544,13,373,0,229,19,5474
3387,2527,2532,1,407,0,25,25,5467
373,2566,2568,29,291,0,182,19,5454
488,2592,2618,4,231,0,60,30,5445
3338,2569,2571,1,269,0,28,31,5410
3363,2511,2509,1,374,0,45,33,5395
3070,2519,2525,31,282,0,221,23,5357
3130,2478,2479,3,314,0,93,31,5274
3449,2485,2480,29,253,0,210,18,5247
3185,1674,1680,0,1796,0,7,22,5150
3399,2400,2401,39,249,0,219,24,5089
224,2413,2424,103,148,0,148,30,5088
3211,1639,1641,0,1808,0,28,22,5088
3060,2320,2324,15,383,0,193,19,5042
3479,2401,2384,0,237,0,16,45,5022
443,2109,2107,0,637,0,170,23,4853
2001,2242,2243,68,262,0,203,15,4815
3322,2259,2258,38,209,0,209,25,4764
3421,2219,2214,31,212,0,195,23,4676
3441,2174,2190,21,216,0,72,30,4601
3424,2107,2109,1,336,0,23,27,4553
3221,2086,2090,10,259,0,89,27,4445
3043,2103,2114,15,174,0,134,19,4406
3069,2034,2050,21,228,0,197,25,4333
3332,1996,1997,41,267,0,208,19,4301
3205,1575,1577,0,1134,0,12,22,4286
3053,2029,2045,2,209,0,198,23,4285
3065,2018,2017,10,190,0,168,27,4235
3063,1976,1979,10,223,0,160,20,4188
3632,2046,2023,20,88,0,81,33,4177
3478,1952,1965,28,215,0,215,43,4160
3061,1907,1911,12,268,0,173,21,4098
3059,1904,1910,5,278,0,156,19,4097
3309,1932,1911,1,247,0,33,30,4091
3392,1938,1938,26,188,0,168,19,4090
3401,1907,1906,33,211,0,179,19,4057
3111,1918,1910,11,214,0,179,30,4053
3179,1830,1826,15,249,0,137,23,3920
3296,1765,1759,0,253,0,28,42,3777
3489,1746,1747,42,89,0,87,31,3624
3342,1605,1609,45,354,0,354,23,3613
3302,1385,1386,0,702,0,13,22,3473
3456,1624,1630,15,177,0,142,22,3446
3123,1613,1618,1,206,0,86,27,3438
3044,1629,1627,9,151,0,116,27,3416
3127,1564,1566,6,98,0,75,35,3234
119,1522,1523,17,142,0,114,19,3204
3393,1492,1494,14,180,0,173,19,3180
3128,1500,1517,7,141,0,61,23,3165
3486,1485,1487,11,140,0,140,30,3123
3327,1458,1462,0,131,0,20,27,3051
3075,1362,1383,3,140,0,134,33,2888
3273,763,765,0,1285,0,6,18,2813
3330,1285,1284,30,190,0,172,19,2789
3352,1310,1313,37,129,0,129,21,2789
3337,1228,1229,56,162,0,162,23,2675
3340,1198,1192,19,194,0,194,21,2603
3553,1135,1131,0,229,0,16,37,2495
3326,1015,1017,8,165,0,149,21,2205
2005,1003,998,28,133,0,90,12,2162
3536,857,859,0,226,0,4,43,1942
3395,874,876,8,115,0,115,30,1873
3194,384,385,0,818,0,3,22,1587
3552,653,654,0,257,0,6,39,1564
3394,705,704,4,149,0,149,21,1562
3542,670,678,0,177,0,6,29,1525
3333,651,649,8,157,0,157,21,1465
3477,674,678,8,77,0,77,33,1437
3509,609,612,0,80,0,4,31,1301
3497,620,621,0,45,0,5,23,1286
3511,498,498,0,32,0,5,22,1028
3547,382,392,0,74,0,4,41,848
3635,0,0,0,817,0,0,0,817
3508,363,366,0,83,0,5,31,812
3496,371,359,2,28,0,15,25,760
3518,352,343,0,64,0,5,34,759
3432,316,316,23,71,0,71,30,726
3545,323,310,0,54,0,2,33,687
3193,228,230,0,224,0,0,18,682
3510,291,279,0,68,0,3,31,638
3529,293,293,0,39,0,3,25,625
3245,225,222,18,45,0,45,30,510
3481,159,158,0,187,0,5,22,504
3535,248,222,0,20,0,2,27,490
3538,215,215,0,58,0,6,45,488
3494,235,226,0,10,0,4,25,471
3533,187,181,0,83,0,2,34,451
3490,217,209,0,5,0,1,31,431
3540,186,188,0,46,0,0,35,420
3495,211,205,0,3,0,3,26,419
3201,96,93,0,210,0,2,18,399
3551,183,178,0,28,0,2,23,389
3502,182,183,2,4,0,4,29,371
3504,156,159,0,42,0,2,27,357
3501,178,159,0,16,0,4,29,353
3500,165,185,0,1,0,1,31,351
3197,156,157,14,18,0,18,30,345
3531,153,151,0,25,0,0,27,329
3493,133,153,0,21,0,1,31,307
3637,144,144,1,8,0,8,31,297
3503,137,137,0,14,0,4,30,288
3468,127,127,1,16,0,16,30,271
3561,116,100,0,3,0,3,26,219
3257,85,83,6,5,0,5,30,179
3499,69,86,1,2,0,2,25,158
3507,57,61,0,34,0,1,36,152
3492,64,67,0,6,0,1,27,137
3554,64,67,0,0,0,0,27,131
3556,64,63,0,2,0,2,19,129
3541,60,68,0,0,0,0,39,128
3572,52,58,0,12,0,8,33,122
3588,56,52,0,4,0,4,21,112
3560,51,54,0,5,0,5,19,110
3573,55,45,0,10,0,2,25,110
3563,54,38,0,7,0,3,21,99
3188,16,16,0,56,0,0,30,88
3565,41,39,0,5,0,5,19,85
3566,33,38,0,7,0,7,25,78
3593,38,37,0,2,0,2,35,77
3506,41,34,0,1,0,1,29,76
3570,31,32,0,1,0,1,31,64
3568,29,29,0,4,0,4,21,62
3602,29,29,0,4,0,4,23,62
3589,28,30,0,1,0,1,19,59
3577,26,24,0,4,0,4,23,54
3592,22,23,0,1,0,1,19,46
3603,16,19,0,3,0,3,21,38
3564,13,19,0,2,0,2,19,34
3598,10,20,0,1,0,1,19,31
3470,13,17,0,0,0,0,30,30
3609,11,11,0,1,0,1,23,23
3567,10,9,0,3,0,3,19,22
3610,11,6,0,0,0,0,27,17
3040,9,7,0,0,0,0,30,16
3605,7,7,0,2,0,2,21,16
3586,7,7,0,0,0,0,19,14
3591,5,7,0,0,0,0,21,12
3250,5,5,0,1,0,1,30,11
3647,5,0,0,0,0,0,23,5
3253,2,0,0,0,0,0,30,2
3636,2,0,0,0,0,0,30,2
533,0,0,0,0,0,0,45,0
3240,0,0,0,0,0,0,30,0
3247,0,0,0,0,0,0,30,0
3299,0,0,0,0,0,0,25,0
3471,0,0,0,0,0,0,30,0
3480,0,0,0,0,0,0,30,0
3527,0,0,0,0,0,0,27,0
3555,0,0,0,0,0,0,27,0
3557,0,0,0,0,0,0,19,0
3597,0,0,0,0,0,0,25,0
3611,0,0,0,0,0,0,31,0
3615,0,0,0,0,0,0,21,0
3623,0,0,0,0,0,0,39,0
3625,0,0,0,0,0,0,22,0
3629,0,0,0,0,0,0,33,0
3641,0,0,0,0,0,0,54,0
3646,0,0,0,0,0,0,26,0
3648,0,0,0,0,0,0,25,0
3649,0,0,0,0,0,0,30,0
3656,0,0,0,0,0,0,31,0
3659,0,0,0,0,0,0,25,0
3666,0,0,0,0,0,0,35,0
3669,0,0,0,0,0,0,19,0
3671,0,0,0,0,0,0,37,0
3674,0,0,0,0,0,0,27,0
3676,0,0,0,0,0,0,24,0
3677,0,0,0,0,0,0,18,0
3679,0,0,0,0,0,0,14,0
3684,0,0,0,0,0,0,43,0
3686,0,0,0,0,0,0,39,0
3689,0,0,0,0,0,0,47,0
